name     ,  rank,   score, probability, sas_points, surf_atoms,   center_x,   center_y,   center_z, residue_ids, surf_atom_ids
pocket1  ,     1,   39.05,       0.961,        177,         76,   -18.7755,   -37.7903,   -33.7145, A_141 A_195 A_199 A_201 A_235 A_236 A_240 A_241 A_242 A_304 A_305 A_307 A_310 A_32 A_33 A_347 A_36 A_37 A_374 A_375 A_376 A_40 A_405 A_406 A_42 A_51 A_52 A_55 A_63, 487 491 493 496 497 551 557 563 567 570 615 653 656 660 777 797 843 846 847 849 851 855 978 980 2134 2135 2933 2983 2989 2993 3011 3014 3018 3570 3585 3587 3589 3635 3649 3652 3656 3670 4650 4671 4674 4675 4678 4681 4682 4683 4700 4704 4708 4712 4772 5318 5324 5328 5771 5776 5780 5782 5788 5803 5806 5807 5811 5813 6245 6250 6254 6258 6261 6267 6269 6276
pocket2  ,     2,    6.49,       0.328,         40,         27,    -9.3014,   -30.4596,   -44.3993, A_126 A_127 A_128 A_129 A_197 A_200 A_203 A_204 A_208 A_209 A_211 A_212, 1924 1935 1953 1955 1961 1965 1981 1982 1983 2958 3003 3004 3005 3051 3057 3061 3065 3077 3140 3141 3144 3145 3146 3160 3198 3200 3213
pocket3  ,     3,    4.69,       0.205,         49,         21,   -14.1775,   -37.0756,   -17.9243, A_346 A_347 A_375 A_377 A_379 A_381 A_491 A_509 A_512 A_515 A_517, 5310 5311 5314 5321 5322 5326 5328 5789 5793 5826 5856 5890 7655 7659 7903 7909 7949 7950 7995 7996 8016
pocket4  ,     4,    4.65,       0.202,         19,         17,    12.5268,   -40.9079,   -17.8943, A_116 A_118 A_191 A_289 A_292 A_338 A_417 A_418 A_419 A_420 A_426, 1751 1795 2874 4418 4454 4459 4463 5189 5193 6451 6464 6476 6478 6484 6489 6558 6565
pocket5  ,     5,    3.63,       0.136,         35,         22,    -7.7318,   -54.2148,   -35.7117, A_246 A_247 A_248 A_255 A_259 A_280 A_301 A_309 A_312 A_316 A_317, 3720 3724 3727 3744 3759 3763 3856 3944 4283 4289 4618 4622 4757 4804 4805 4808 4810 4851 4864 4866 4868 4870
pocket6  ,     6,    2.94,       0.095,         36,         21,   -12.4936,   -12.1394,   -32.8327, A_155 A_156 A_157 A_158 A_159 A_163 A_164 A_438 A_439 A_442, 2339 2353 2356 2367 2368 2374 2379 2381 2450 2451 2452 2465 2469 6757 6758 6771 6773 6781 6817 6818 6823
pocket7  ,     7,    2.92,       0.093,         30,         12,    -6.0939,   -15.9307,   -19.4061, A_435 A_437 A_440 A_451 A_453 A_489 A_494 A_495, 6715 6749 6799 6963 6964 6991 6997 7616 7620 7703 7707 7720
pocket8  ,     8,    1.99,       0.043,         16,         12,   -14.3126,   -41.6102,   -26.0399, A_303 A_305 A_343 A_347 A_374, 4643 4678 4681 4683 5266 5269 5314 5317 5318 5321 5324 5782
pocket9  ,     9,    1.94,       0.040,         30,         19,   -20.1269,   -40.3119,   -12.8316, A_508 A_511 A_512 A_515 A_517 A_519 A_520 A_521 A_524, 7893 7896 7897 7940 7943 7944 7946 7950 7996 7999 8016 8045 8047 8057 8068 8073 8076 8079 8117
pocket10 ,    10,    1.72,       0.030,         22,         16,   -14.1822,   -43.0270,   -46.4868, A_204 A_205 A_206 A_239 A_253 A_54 A_57 A_58, 823 829 878 882 895 3068 3082 3086 3090 3094 3100 3103 3106 3111 3621 3828
pocket11 ,    11,    1.49,       0.021,         20,         12,    11.6394,   -28.5875,   -28.7523, A_178 A_181 A_187 A_224 A_227, 2688 2725 2726 2791 2796 2797 2803 2807 3407 3420 3453 3457
pocket12 ,    12,    0.59,       0.000,          3,          7,    -4.7447,   -30.0600,   -13.8781, A_378 A_379 A_431 A_460 A_487, 5835 5841 5847 6647 6649 7129 7572
