name,vina,min_Zn_dist,contacts
CHEMBL28172,-8.84,4.0,"HIS282(h6,p0); HIS457(h6,p1); HIS459(h6,p0); TYR488(h6,p0); ASN318(h3,p1); HIS319(h2,p0); THR458(h1,p0)"
CHEMBL7385,-8.7,3.45,"HIS459(h8,p1); TYR488(h7,p0); HIS282(h4,p0); HIS457(h4,p2); THR458(h3,p0); HIS319(h3,p0); ASN318(h2,p1)"
CHEMBL48767,-8.71,2.98,"HIS459(h7,p1); TYR488(h7,p2); HIS457(h5,p0); ASN318(h4,p0); THR458(h4,p0); HIS282(h3,p0); HIS319(h3,p0); ASP278(h1,p0)"
CHEMBL54786,-8.92,3.03,"HIS459(h6,p0); TYR488(h6,p0); ASN318(h4,p0); HIS457(h4,p0); HIS319(h3,p0); THR458(h2,p0); HIS282(h2,p0); ASP278(h1,p0)"
CHEMBL24974,-8.72,3.23,"HIS459(h6,p0); TYR488(h6,p1); HIS282(h4,p0); ASN318(h4,p0); HIS457(h4,p0); THR458(h3,p0); HIS319(h3,p0); ASP278(h1,p0)"
CHEMBL29571,-8.89,3.4,"HIS459(h6,p0); TYR488(h5,p0); HIS457(h4,p0); THR458(h4,p0); HIS319(h4,p0); HIS282(h4,p0); ASN318(h2,p1)"
CHEMBL6729,-8.89,2.39,"TYR488(h7,p0); HIS459(h6,p1); HIS457(h5,p0); HIS319(h5,p0); ASN318(h4,p0); THR458(h2,p0); HIS282(h2,p1); ASP206(h1,p0); HIS208(h1,p0); ASP278(h1,p1)"
CHEMBL37169,-8.85,2.43,"HIS459(h8,p1); TYR488(h6,p1); HIS319(h5,p0); HIS282(h5,p0); HIS457(h3,p2); HIS208(h2,p0); ASN318(h2,p0); THR458(h2,p0); ASP206(h1,p0); ASP278(h1,p1)"
CHEMBL300739,-8.67,3.39,"HIS459(h7,p0); TYR488(h7,p1); HIS282(h4,p0); ASN318(h4,p0); HIS457(h4,p0); THR458(h3,p0); HIS319(h3,p0)"
CHEMBL26999,-8.6,4.48,"HIS457(h7,p1); THR458(h6,p0); TYR488(h6,p0); HIS459(h5,p0); HIS319(h5,p0); HIS282(h4,p0); ASN318(h3,p0)"
CHEMBL35743,-8.58,2.69,"TYR488(h6,p0); HIS459(h5,p0); ASN318(h4,p1); HIS457(h3,p0); HIS319(h3,p0); THR458(h2,p0); HIS282(h2,p0); ASP278(h1,p1)"
CHEMBL48713,-8.71,3.43,"TYR488(h7,p0); HIS459(h6,p0); HIS457(h4,p0); HIS319(h3,p0); ASN318(h2,p0); THR458(h2,p0); HIS282(h2,p0); ASP278(h1,p0)"
CHEMBL27093,-8.76,2.33,"HIS457(h6,p0); HIS459(h6,p1); TYR488(h6,p0); HIS282(h4,p0); ASN318(h4,p1); HIS319(h4,p0); THR458(h2,p0); ASP278(h1,p1)"
CHEMBL295569,-8.67,3.58,"HIS457(h6,p0); TYR488(h6,p0); HIS459(h5,p0); HIS282(h4,p0); ASN318(h2,p0); HIS319(h2,p0); THR458(h1,p0)"
CHEMBL297711,-8.63,3.6,"TYR488(h6,p0); HIS282(h5,p0); HIS459(h5,p0); ASN318(h2,p0); HIS457(h2,p0); HIS319(h2,p0); THR458(h1,p0)"
CHEMBL24034,-8.46,2.6,"HIS459(h8,p0); TYR488(h6,p1); THR458(h5,p1); HIS282(h4,p0); HIS457(h4,p0); HIS319(h3,p0); ASN318(h2,p1); ASP278(h1,p1)"
CHEMBL289645,-8.41,2.97,"TYR488(h7,p1); HIS459(h6,p0); HIS282(h4,p0); HIS457(h3,p0); HIS319(h3,p0); ASN318(h2,p1); ASP278(h1,p0); THR458(h1,p0)"
CHEMBL45966,-8.68,3.29,"HIS459(h8,p0); TYR488(h6,p0); HIS282(h4,p0); HIS457(h3,p0); THR458(h3,p0); HIS319(h3,p0); ASN318(h2,p0)"
CHEMBL46169,-8.54,2.76,"HIS459(h6,p1); TYR488(h6,p1); HIS457(h5,p1); ASN318(h4,p0); HIS319(h4,p1); THR458(h2,p0); HIS282(h2,p0); HIS208(h1,p0); ASP278(h1,p1)"
CHEMBL297017,-8.76,2.48,"HIS459(h8,p0); TYR488(h7,p0); THR458(h5,p0); HIS457(h4,p0); HIS319(h3,p0); HIS282(h3,p0); ASN318(h2,p0); ASP278(h1,p0)"
